Date,Description,URL
2019-10-14,The fascinating (and dangerous) places scientists aren't exploring | Ella Al-Shamahi           ,xgW-0egOWVg
2019-10-17,Neil Turok: 2008 TED Prize wish: An African Einstein           ,UNbP7O6jasw
2019-10-22,Jeff Speck: The walkable city           ,Wai4ub90stQ
2019-10-24,The science of cells that never get old | Elizabeth Blackburn           ,2wseM6wWd74
2019-10-26,"David Keith: A surprising idea for ""solving"" climate change           ",XkEys3PeseA
2019-10-29,Susan Savage-Rumbaugh: The gentle genius of bonobos           ,a8nDJaH-fVE
2019-10-31,Your fingerprints reveal more than you think | Simona Francese           ,0DHywidLX6A
2019-11-05,"The difference between being ""not racist"" and antiracist | Ibram X. Kendi           ",KCxbl5QgFZw
2019-11-08,Peter Donnelly: How stats fool juries           ,kLmzxmRcUTo
2019-11-09,Psychedelic Science | Fabian Oefner | TED Talks           ,Mh3_wYHdeVs
2019-11-11,Peter Tyack: The intriguing sound of marine mammals           ,mKe3QKcta-8
2019-11-12,The case for curiosity-driven research | Suzie Sheehy           ,PlytMrKfOFA
2019-11-14,Naomi Oreskes: Why we should trust scientists           ,RxyQNEVOElU
2019-11-15,How you can use impostor syndrome to your benefit | Mike Cannon-Brookes           ,ZkwqZfvbdFw
2019-11-19,What you should know about vaping and e-cigarettes | Suchitra Krishnan-Sarin           ,a63t8r70QN0
2019-11-22,Uri Alon: Why truly innovative science demands a leap into the unknown           ,F1U26PLiXjM
2019-11-27,How urban agriculture is transforming Detroit | Devita Davison           ,G88JZ1DIdg8
2019-11-28,Barbara Block: Tagging tuna in the deep ocean           ,ufJ7sOtuFd0
2019-11-30,How I Teach Kids to Love Science | Cesar Harada | TED Talks           ,jAemh_JxgOk
2019-12-03,How we're using AI to discover new antibiotics | Jim Collins           ,oxVzNcGP7M8
2019-12-08,A political party for women's equality | Sandi Toksvig           ,r92jUj7gNRw
2019-12-11,Science in service to the public good | Siddhartha Roy           ,ALTvG9MIR64
2019-12-13,"Asking for help is a strength, not a weakness | Michele L. Sullivan           ",akiQuyhXR8o
2019-12-16,"Bruno Maisonnier: Dance, tiny robots!           ",ww9ClmCWBr0
2019-12-18,E.O. Wilson: Advice to young scientists           ,IzPcu0-ETTU
2019-12-19,"The search for ""aha!"" moments | Matt Goldman           ",ZpT0cw9bmiw
2019-12-24,The secret to effective nonviolent resistance | Jamila Raqib           ,OIpgrZ8yS-Q
2019-12-29,Robin Ince: Science versus wonder?           ,z9sa2ZAqHl0
2020-01-03,Daniel Libeskind's 17 words of architectural inspiration           ,G8w4UQL6aI0
2020-01-07,Marisa Fick-Jordan: The wonders of Zulu wire art           ,PzyAP4zLb6w
2020-01-09,This virtual lab will revolutionize science class | Michael Bodekaer           ,iF5-aDJOr6U
2020-01-11,"What to trust in a ""post-truth"" world | Alex Edmans           ",rpJx5VLQMxk
2020-01-12,Greg Stone: Saving the ocean one island at a time           ,ZuCtZJGcEMU
2020-01-13,Award-winning teen-age science in action           ,sHJZRPWXQ9s
2020-01-17,A free world needs satire | Patrick Chappatte           ,MIGtyaVb2Xc
2020-01-18,The optimism bias | Tali Sharot           ,B8rmi95pYL0
2020-01-23,"How caffeine and alcohol affect your sleep | Sleeping with Science, a TED series           ",KQ9FfzMKBNc
2020-01-27,Mac Barnett: Why a good book is a secret door           ,LPrS7-kx9Y0
2020-01-29,How autism freed me to be myself | Rosie King           ,jQ95xlZeHo8
2020-02-01,A teen scientist's invention to help wounds heal | Anushka Naiknaware           ,r-YXvkWLy-g
2020-02-03,The politics of fiction | Elif Shafak           ,Zq7QPnqLoUk
2020-02-05,"The 3,000-year history of the hoodie | Small Thing Big Idea, a TED series           ",xqzLm0Xua8g
2020-02-10,Why curiosity is the key to science and medicine | Kevin B. Jones           ,wYC-HKl4RPU
2020-02-12,Rogier van der Heide: Why light needs darkness           ,qKmuMQT5E6Y
2020-02-13,Matthieu Ricard: How to let altruism be your guide           ,_p_GKCr8rq8
2020-02-17,"A walk through the stages of sleep | Sleeping with Science, a TED series           ",eM2VWspRpfk
2020-02-20,The three ways that good design makes you happy | Don Norman           ,RlQEoJaLQRA
2020-02-24,How fear of nuclear power is hurting the environment | Michael Shellenberger           ,LZXUR4z2P9w
2020-02-25,The danger of science denial | Michael Specter           ,7OMLSs8t1ng
2020-03-01,The real reason female entrepreneurs get less funding | Dana Kanze           ,hokUdXYRe2Q
2020-03-06,Colin Powell: Kids need structure           ,NhYnouvrG_8
2020-03-11,A scientific approach to the paranormal | Carrie Poppy           ,n8yhaFd_GpM
2020-03-16,How to connect with depressed friends | Bill Bernat           ,B43f89Y9f-A
2020-03-21,Scott Fraser: The problem with eyewitness testimony           ,buhMdC7MO0U
2020-03-24,Freeman Hrabowski: 4 pillars of college success in science           ,9EglK8Mk18o
2020-03-28,How Dolly Parton led me to an epiphany | Jad Abumrad           ,Ji4sq73W7BM
2020-03-31,The jobs we'll lose to machines -- and the ones we won't | Anthony Goldbloom           ,gWmRkYsLzB4
2020-04-04,"The beautiful, mysterious science of how you hear | Jim Hudspeth           ",hn8N8p9P5gw
2020-04-05,How teachers can help kids find their political voices | Sydney Chaffee           ,iMFJef3xnmg
2020-04-09,Jonas Eliasson: How to solve traffic jams           ,CX_Krxq5eUI
2020-04-14,The role of human emotions in science and research | Ilona Stengel           ,USnf5kbsMlg
2020-04-16,"Shlomo Benartzi: Saving for tomorrow, tomorrow           ",gzcw_02ZB1o
2020-04-20,The thrilling potential of SixthSense technology | Pranav Mistry           ,YrtANPtnhyg
2020-04-21,"Deep Under the Earth's Surface, Discovering Beauty and Science | Francesco Sauro | TED Talks           ",TYFH0D-jyqc
2020-04-25,The playful wonderland behind great inventions | Steven Johnson           ,hLltkC-G5dY
2020-04-29,Gaming can make a better world | Jane McGonigal           ,dE1DuBesGYM
2020-05-03,How Quantum Biology Might Explain Life’s Biggest Questions | Jim Al-Khalili | TED Talks           ,_qgSz1UmcBM
2020-05-07,Why I choose humanism over faith | Leo Igwe           ,r9Zz4hYuGdw
2020-05-08,Faith Jegede: What I've learned from my autistic brothers           ,LZAi7DlVN2g
2020-05-13,"6 tips for better sleep | Sleeping with Science, a TED series           ",t0kACis_dJE
2020-05-18,Africa is a sleeping giant -- I'm trying to wake it up | Adeola Fayehun           ,GpxV10eD538
2020-05-21,Mitch Resnick: Let's teach kids to code           ,Ok6LbV6bqaE
2020-05-24,"Beau Lotto + Amy O'Toole: Science is for everyone, kids included           ",0g2WE1qXiKM
2020-05-29,How to talk (and listen) to transgender people | Jackson Bird           ,HbQZ7jAvgoI
2020-06-02,Innovating to zero! | Bill Gates           ,JaF-fq2Zn7I
2020-06-06,AnnMarie Thomas: Hands-on science with squishy circuits           ,5M3Dow20KlM
2020-06-10,"Craig Venter unveils ""synthetic life""           ",QHIocNOHd7A
2020-06-15,Do schools kill creativity? | Sir Ken Robinson           ,iG9CE55wbtY
2020-06-19,Luca Turin: The science of scent           ,yzOcvINn8Iw
2020-06-23,Did the global response to 9/11 make us safer? | Benedetta Berti           ,deG_LTcAjaM
2020-06-25,The health benefits of clowning around | Matthew A. Wilson           ,uTfaua3X0RU
2020-06-28,Science didn't understand my kids' rare disease until I decided to study it | Sharon Terry           ,fscaRh2OtXk
2020-07-02,A global pandemic calls for global solutions | Larry Brilliant           ,8bj0GR34XWc
2020-07-04,A cyber-magic card trick like no other | Marco Tempest           ,ZX8MBBohX3s
2020-07-09,The secret to scientific discoveries? Making mistakes | Phil Plait           ,XY6aAPhs0tE
2020-07-14,I leapt from the stratosphere. Here's how I did it | Alan Eustace           ,c-rWtqConY8
2020-07-15,"Lies, damned lies and statistics (about TEDTalks)           ",1Totz8aa2Gg
2020-07-16,How your brain decides what is beautiful | Anjan Chatterjee           ,Wgt8QUHQjw8
2020-07-17,What are you willing to give up to change the way we work? | Martin Danoesastro           ,OWiiA9hXbY8
2020-07-19,Heather Barnett: What humans can learn from semi-intelligent slime           ,2UxGrde1NDA
2020-07-22,Science can answer moral questions | Sam Harris           ,Hj9oB4zpHww
2020-07-25,"How to ask for help -- and get a ""yes"" | Heidi Grant           ",h-TIRIxhq6E
2020-07-29,"Boaz Almog ""levitates"" a superconductor           ",PXHczjOg06w
2020-07-31,"Hacking your memory -- with sleep | Sleeping with Science, a TED series           ",6TyIY6u31gk
2020-08-02,How to design a library that makes kids want to read |  Michael Bierut           ,YsA_JTeHJ6A
2020-08-05,Bruce Bueno de Mesquita predicts Iran's future           ,ts5MKtXNpMQ
2020-08-07,"How much sleep do you really need? | Sleeping with Science, a TED series           ",knJWF4km3y0
2020-08-12,Sarah-Jayne Blakemore: The mysterious workings of the adolescent brain           ,6zVS8HIPUng
2020-08-15,Reuben Margolin: Sculpting waves in wood and time           ,_L052IOoX0Y
2020-08-16,Lee Smolin: How science is like democracy           ,Y96w6AFVi0o
2020-08-19,"""Good"" and ""bad"" are incomplete stories we tell ourselves | Heather Lanier           ",XZiNVGA78kA
2020-08-21,Lessons from a solar storm chaser | Miho Janvier           ,fWqKalpYgLo
2020-08-25,How hip-hop helps us understand science | Danielle N. Lee           ,Ln5Ts0bGguk
2020-08-27,10 ways to have a better conversation | Celeste Headlee           ,R1vskiVDwl4
2020-08-28,How quantum physics can make encryption stronger | Vikram Sharma           ,SQB9zNWw9MA
2020-08-31,Four billion years of evolution in six minutes | Prosanta Chakrabarty           ,XyTcINLKq4c
2020-09-02,These bacteria eat plastic | Morgan Vague           ,nbW4XWkJC6w
2020-09-06,Let's use video to reinvent education | Salman Khan           ,nTFEUsudhfs
2020-09-08,The surprising science of happiness | Dan Gilbert           ,4q1dgn_C0AU
2020-09-13,Marla Spivak: Why bees are disappearing           ,dY7iATJVCso
2020-09-15,Enough with the fear of fat | Kelli Jean Drinkwater           ,bzlYyhh3X0w
2020-09-19,Nalini Nadkarni: Life science in prison           ,1BS-XUntiLg
2020-09-24,Paper towns and why learning is awesome | John Green           ,NgDGlcxYrhQ
2020-09-26,Paul Rothemund: The astonishing promise of DNA folding           ,WhGG__boRxU
2020-09-29,The surprising science of alpha males | Frans de Waal           ,BPsSKKL8N0s
2020-10-01,Can a computer write poetry? | Oscar Schwartz           ,UpkAqPEcMyE
2020-10-03,Comics belong in the classroom | Gene Luen Yang           ,xjvTIP7pV20
2020-10-06,The surprisingly charming science of your gut | Giulia Enders           ,HNMQ_w7hXTA
2020-10-09,How to inspire every child to be a lifelong reader | Alvin Irby           ,ERSZb2wHFDw
2020-10-12,How whistle-blowers shape history | Kelly Richmond Pope           ,51k3UASQE5E
2020-10-14,"The biology of gender, from DNA to the brain | Karissa Sanbonmatsu           ",HLEgiR1Fsds
2020-10-16,Why we make bad decisions | Dan Gilbert           ,c-4flnuxNV4
2020-10-17,A performance merging dance and biology | Pilobolus           ,FOZ6KnVPvIU
2020-10-19,Tyler DeWitt: Hey science teachers -- make it fun           ,6OaIdwUdSxE
2020-10-20,Want to change the world? Start by being brave enough to care | Cleo Wade           ,yg8SBuTuoKk
2020-10-22,"When technology can read minds, how will we protect our privacy? | Nita Farahany           ",AHV_BxlNzmM
2020-10-26,George Whitesides: Toward a science of simplicity           ,whjLZogf9e0
2020-10-29,How to build a business that lasts 100 years | Martin Reeves           ,l1fodZNF1GI
2020-10-30,Technology that knows what you're feeling | Poppy Crum           ,HW2SSoYteIs
2020-11-03,Mae Jemison on teaching arts and sciences together           ,6Vy0ncmUvUw
2020-11-06,Laura Snyder: The Philosophical Breakfast Club           ,jc_-Y9rDN2g
2020-11-08,Art that reveals how technology frames reality | Jiabao Li           ,tT8icNhydtg
2020-11-10,"The fascinating science of bubbles, from soap to champagne | Li Wei Tan           ",ez7HOFKTtH0
2020-11-11,The price of shame | Monica Lewinsky           ,H_8y0WLm78U
2020-11-16,Forget Wi-Fi. Meet the new Li-Fi Internet | Harald Haas           ,iHWIZsIBj3Q
2020-11-21,"How sleep affects your emotions | Sleeping with Science, a TED series           ",6F8wFkScnME
2020-11-23,Susan Etlinger: What do we do with all this big data?           ,AWPrOvzzqZk
2020-11-24,His Holiness the Karmapa: The technology of the heart           ,OkKhI6-t40w
2020-11-25,What happens in your brain when you pay attention? | Mehdi Ordikhani-Seyedlar           ,qKJv4S5peJQ
2020-11-27,A queer vision of love and marriage | Tiq Milan and Kim Katrin Milan           ,lwcvhh4pLjE
2020-12-01,The technology of storytelling | Joe Sabia           ,pkZtRzc9rFQ
2020-12-03,The brain-changing benefits of exercise | Wendy Suzuki           ,BHY0FxzoKZE
2020-12-04,What we're missing in the debate about immigration | Duarte Geraldino           ,2wu28tI9VkM
2020-12-06,Jason Pontin: Can technology solve our big problems?           ,ZB50BfYlsDc
2020-12-11,Your brain hallucinates your conscious reality | Anil Seth           ,lyu7v7nWzfo
2020-12-16,Courage is contagious | Damon Davis           ,gbDraZi7F_4
2020-12-17,Ron McCallum: How technology allowed me to read           ,QoTSdOkjEVs
2020-12-21,"Marc Abrahams: A science award that makes you laugh, then think           ",FFG2rilqT2g
2020-12-26,Why sleep matters now more than ever | Matt Walker           ,GFpciGYBELo
2020-12-28,How a handful of tech companies control billions of minds every day | Tristan Harris           ,C74amJRp730
2021-01-01,Ben Goldacre: Battling Bad Science           ,h4MhbkWJzKk
2021-01-04,How India's smartphone revolution is creating a new generation of readers and writers | Chiki Sarkar           ,b-HkNXW4nmU
2021-01-05,Abe Davis: New video technology that reveals an object's hidden properties           ,npNYP2vzaPo
2021-01-06,The science of friction -- and its surprising impact on our lives | Jennifer Vail           ,bCucggordMM
2021-01-09,Why good leaders make you feel safe | Simon Sinek           ,lmyZMtPVodo
2021-01-10,Technology hasn't changed love. Here's why | Helen Fisher           ,WvvuLDX7iIk
2021-01-11,The fascinating physics of everyday life | Helen Czerski           ,_ryJK294Psw
2021-01-16,Ink made of air pollution | Anirudh Sharma           ,Dig_QFPPPtE
2021-01-18,Meet the dazzling flying machines of the future | Raffaello D'Andrea           ,RCXGpEmFbOw
2021-01-20,Indigenous knowledge meets science to solve climate change | Hindou Oumarou Ibrahim           ,z3d_UsYgt1c
2021-01-23,Gavin Schmidt: The emergent patterns of climate change           ,JrJJxn-gCdo
2021-01-26,What happens when biology becomes technology? | Christina Agapakis           ,3y5f2l5yM4c
2021-01-28,My failed mission to find God -- and what I found instead | Anjali Kumar           ,pgmiPXAwiLg
2021-01-30,The illusion of consciousness | Dan Dennett           ,fjbWr3ODbAo
2021-02-01,The accelerating power of technology | Ray Kurzweil           ,IfbOyw3CT6A
2021-02-06,Sleep is your superpower | Matt Walker           ,5MuIMqhT8DM
2021-02-11,"Depression, the secret we share | Andrew Solomon           ",#NAME?
2021-02-13,Kevin Kelly tells technology's epic story           ,GS1xL1qcBa4
2021-02-16,What we'll learn about the brain in the next century | Sam Rodriques           ,p1gVCOFXGZk
2021-02-21,"Ed Yong: Suicidal wasps, zombie roaches and other parasite tales           ",CfqO1U6lfDs
2021-02-24,Kevin Kelly: How technology evolves           ,ap-ZC21bk18
2021-02-26,The Untapped Genius That Could Change Science for the Better | Jedidah Isler | TED Talks           ,3NdSVi38RM8
2021-03-01,Demo: Stunning data visualization in the AlloSphere           ,u-D-zEToJQ4
2021-03-03,Why our screens make us less happy | Adam Alter           ,0K5OO2ybueM
2021-03-04,Why you should love gross science | Anna Rothschild           ,4xJ1rSq4nZ4
2021-03-06,How to practice emotional first aid | Guy Winch           ,F2hc2FLOdhI
2021-03-10,How technology has changed what it's like to be deaf | Rebecca Knill           ,XZBZ5aBEUrs
2021-03-12,"Soon We'll Cure Diseases With a Cell, Not a Pill | Siddhartha Mukherjee | TED Talks           ",qG_YmIPFO68
2021-03-15,Can clouds buy us more time to solve climate change? | Kate Marvel           ,Tmk7nAvpMXQ
2021-03-20,Lucy McRae: How can technology transform the human body?           ,O4g60zB4Un4
2021-03-22,The history of our world in 18 minutes | David Christian           ,yqc9zX04DXs
2021-03-26,"[Full livestream] Watch the Countdown Global Launch, a call to action on climate change           ",5dVcn8NjbwY
2021-03-31,Mind-blowing stage sculptures that fuse music and technology | Es Devlin           ,CeOadxT7kPA
2021-04-03,Alex Laskey: How behavioral science can lower your energy bill           ,4cJ08wOqloc
2021-04-08,Our story of rape and reconciliation | Thordis Elva and Tom Stranger           ,gyPoqFcvt9w
2021-04-12,How technology can fight extremism and online harassment | Yasmin Green           ,E3cK8IL0JCE
2021-04-16,The puzzle of motivation | Dan Pink           ,rrkrvAUbU9Y
2021-04-17,Harry Baker: A love poem for lonely prime numbers           ,O6jrLgvCUNs
2021-04-19,Why you should treat the tech you use at work like a colleague | Nadjia Yousif           ,mnRlB3G9fDU
2021-04-21,How virtual reality turns students into scientists | Jessica Ochoa Hendrix           ,aJgXcVkZNG8
2021-04-23,Adam Sadowsky engineers a viral music video           ,#NAME?
2021-04-25,How the blockchain will radically transform the economy | Bettina Warburg           ,RplnSVTzvnU
2021-04-29,Jeff Hawkins: How brain science will change computing           ,G6CVj5IQkzk
2021-05-04,"The weird history of the ""sex chromosomes"" | Molly Webster           ",W2y7osVtIX8
2021-05-09,How New Technology Helps Blind People Explore the World | Chieko Asakawa | TED Talks           ,f-mQIWnO3Ag
2021-05-13,The new science of personalized vaccines | Ofer Levy           ,drZ9OTsaGQA
2021-05-16,"Steven Addis: A father-daughter bond, one photo at a time           ",txxOrXPNzpo
2021-05-17,A forgotten Space Age technology could change how we grow food | Lisa Dyson           ,c8WMM_PUOj0
2021-05-20,"How sleep can improve your immunity | Sleeping with Science, a TED series           ",SiDMd-b-R2g
2021-05-23,How to buy happiness | Michael Norton           ,PsihkFWDt3Y
2021-05-27,How better tech could protect us from distraction | Tristan Harris           ,D55ctBYF3AY
2021-06-01,This deep-sea mystery is changing our understanding of life | Karen Lloyd           ,PbgB2TaYhio
2021-06-05,Mary Lou Jepsen: Could future devices read images from our brains?           ,vNDhu2uqfdo
2021-06-09,Chris Anderson (Wired): Technology's Long Tail           ,CIZAZYsKM84
2021-06-10,What we don't know about mother's milk | Katie Hinde           ,Bo8YN3oB0Cw
2021-06-15,Sir Martin Rees: Earth in its final century?           ,3qF26MbYgOA
2021-06-20,How we'll earn money in a future without jobs | Martin Ford           ,swB7Ivct8d8
2021-06-22,Hidden miracles of the natural world | Louie Schwartzberg           ,FiZqn6fV-4Y
2021-06-27,Earth's mass extinctions | Peter Ward           ,3lYN_lXU9PA
2021-06-30,How to control someone else's arm with your brain | Greg Gage           ,rSQNi5sAwuc
2021-07-03,The future we're building -- and boring | Elon Musk           ,zIwLWfaAg-8
2021-07-07,"Harsha Bhogle: The rise of cricket, the rise of India           ",LbIXYEW9CSQ
2021-07-08,The next step in nanotechnology | George Tulevski           ,Ds_rzoyyfF0
2021-07-09,Helping others makes us happier -- but it matters how we do it | Elizabeth Dunn           ,lUKhMUZnLuw
2021-07-12,Steve Ramirez and Xu Liu: A mouse. A laser beam. A manipulated memory.           ,EXo3qA9V3eI
2021-07-13,"The pharmacy of the future? Personalized pills, 3D printed at home | Daniel Kraft           ",#NAME?
2021-07-15,How cults rewire the brain | Diane Benscoter           ,NL0uxDscjdo
2021-07-20,Kwame Anthony Appiah: Is religion good or bad? (This is a trick question)           ,X2et2KO8gcY
2021-07-22,How the blockchain is changing money and business | Don Tapscott           ,Pl8OlkkwRpc
2021-07-23,Mathieu Lehanneur demos science-inspired design           ,GFivy8eFFBo
2021-07-26,My journey to yo-yo mastery | BLACK           ,gnuFrtTNUTc
2021-07-29,Medical tech designed to meet Africa's needs | Soyapi Mumba           ,6oLsJUH1cfU
2021-08-03,The Math Behind Basketball's Wildest Moves | Rajiv Maheswaran | TED Talks           ,66ko_cWSHBU
2021-08-07,The game that can give you 10 extra years of life | Jane McGonigal           ,lfBpsV1Hwqs
2021-08-10,Vinay Venkatraman: Technology crafts for the digitally underserved           ,g_3iLapiTCw
2021-08-12,Can we cure genetic diseases by rewriting DNA? | David R. Liu           ,ONs9FCY74p0
2021-08-16,"Aakash Odedra: A dance in a hurricane of paper, wind and light           ",T49IjKho5y8
2021-08-18,The beautiful future of solar power | Marjan van Aubel           ,_lyP_2p5MJc
2021-08-22,"What's the connection between sleep and Alzheimer's disease? | Sleeping with Science, a TED series           ",6G3UIrqiFLw
2021-08-25,"Gayle Tzemach Lemmon: Women entrepreneurs, example not exception           ",vw5HJhIlJp4
2021-08-30,Will automation take away all our jobs? | David Autor           ,th3nnEpITz0
2021-09-02,Inside the black hole image that made history | Sheperd Doeleman           ,uyMtsyzXWd4
2021-09-03,3 rules to spark learning | Ramsey Musallam           ,YsYHqfk0X2A
2021-09-05,Can we create new senses for humans? | David Eagleman           ,4c1lqFXHvqI
2021-09-08,Peter Reinhart: The art of baking bread           ,gK8Yk3mEEb8
2021-09-11,Roy Gould: WorldWide Telescope           ,NPu2j3JVmnw
2021-09-12,"Connected, but alone? | Sherry Turkle           ",t7Xr3AsBEK4
2021-09-15,Inside the mind of a master procrastinator | Tim Urban           ,arj7oStGLkU
2021-09-19,How will we survive when the population hits 10 billion? | Charles C. Mann           ,rmfzwwrCrrU
2021-09-20,Are indoor vertical farms the future of agriculture? | Stuart Oda           ,z9jXW9r1xr8
2021-09-23,The mad scientist of music | Mark Applebaum           ,46w99bZ3W_M
2021-09-25,David Sengeh: The sore problem of prosthetic limbs           ,rvkMauaHxBw
2021-09-27,Can we stop climate change by removing CO2 from the air? | Tim Kruger           ,QPC5_P2_Fu8
2021-10-02,What doctors don't know about the drugs they prescribe | Ben Goldacre           ,RKmxL8VYy0M
2021-10-07,What you need to know about CRISPR | Ellen Jorgensen           ,1BXYSGepx7Q
2021-10-11,10 top time-saving tech tips | David Pogue           ,QoT0-2vu9m4
2021-10-16,How language shapes the way we think | Lera Boroditsky           ,RKK7wGAYP6k
2021-10-21,The creative power of misfits | WorkLife with Adam Grant (Audio only)           ,gJjLdnycuyU
2021-10-24,What will future jobs look like? | Andrew McAfee           ,cXQrbxD9_Ng
2021-10-27,Janet Iwasa: How animations can help scientists test a hypothesis           ,YvyeI-Axb70
2021-10-28,Can we eat to starve cancer? | William Li           ,B9bDZ5-zPtY
2021-10-29,How AI could become an extension of your mind | Arnav Kapur           ,TrofjEAetVs
2021-11-02,A plan to recycle the unrecyclable | Ashton Cofer           ,HR9956gDpUY
2021-11-04,William Kamkwamba: How I built a windmill           ,G8yKFVPOD6o
2021-11-06,"The emergence of ""4D printing"" | Skylar Tibbits           ",0gMCZFHv9v8
2021-11-07,What makes something go viral? | Dao Nguyen           ,Kab-mpU-YVM
2021-11-10,Talking and squawking | Einstein the parrot and Stephanie White           ,mAp6X0zZfx0
2021-11-14,The mind behind Linux | Linus Torvalds           ,o8NPllzkFhE
2021-11-15,How to fix a broken heart | Guy Winch           ,k0GQSJrpVhM
2021-11-16,Military robots and the future of war | P.W. Singer           ,M1pr683SYFk
2021-11-20,"Bill Joy: What I'm worried about, what I'm excited about           ",LN2shXeJNz8
2021-11-22,Stuart Firestein: The pursuit of ignorance           ,nq0_zGzSc8g
2021-11-23,"A ""living drug"" that could change the way we treat cancer | Carl June           ",7qWvVcBZzRg
2021-11-25,The deadly genius of drug cartels | Rodrigo Canales           ,VYU25aJpg5o
2021-11-30,The smelly mystery of the human pheromone | Tristram Wyatt           ,f-Oupk_4VVo
2021-12-02,Fly with the Jetman | Yves Rossy           ,x2sT9KoII_M
2021-12-05,A glimpse of the future through an augmented reality headset | Meron Gribetz           ,H9ZOpQzjukY
2021-12-07,Melissa Marshall: Talk nerdy to me           ,y66YKWz_sf0
2021-12-08,The case for fish farming | Mike Velings           ,a7cDt5r2pGY
2021-12-10,How to Avoid Surveillance...With Your Phone | Christopher Soghoian | TED Talks           ,ni4FV5zL6lM
2021-12-15,The hidden power of smiling | Ron Gutman           ,U9cGdRNMdQQ
2021-12-18,"Poetry, music and identity (with English subtitles) | Jorge Drexler           ",C2p42GASnUo
2021-12-23,Wearable tech that helps you navigate by touch | Keith Kirkland           ,xnQB9Y77PXE
2021-12-26,"Scientists must be free to learn, to speak and to challenge | Kirsty Duncan           ",3P-2dcS19fk
2021-12-29,What happens when our computers get smarter than we are? | Nick Bostrom           ,MnT1xgZgkpk
2021-12-31,How we can eliminate child sexual abuse material from the internet | Julie Cordua           ,uFt-q8HgYpI
2022-01-02,"The most detailed map of galaxies, black holes and stars ever made | Juna Kollmeier           ",88d-58tWhGs
2022-01-04,Nathalie Miebach: Art made of storms           ,MbhNaj88uL4
2022-01-05,Unveiling the genius of multi-touch interface design | Jeff Han           ,ac0E6deG4AU
2022-01-08,The search for dark matter -- and what we've found so far | Risa Wechsler           ,LQMLFryA_7k
2022-01-10,How I became part sea urchin | Catherine Mohr           ,Uq3MCf_6HtI
2022-01-11,How tech companies deceive you into giving up your data and privacy | Finn Lützow-Holm Myrstad           ,4E_1AB1rsSw
2022-01-13,How trees talk to each other | Suzanne Simard           ,Un2yBgIAxYs
2022-01-17,The beauty of data visualization | David McCandless           ,pLqjQ55tz-U
2022-01-19,A headset that reads your brainwaves | Tan Le           ,fVhggGSjXVg
2022-01-24,Why Medicine Often Has Dangerous Side Effects for Women | Alyson McGregor | TED Talks           ,sJCBM9ajA5s
2022-01-28,Anil Gupta: India's hidden hotbeds of invention           ,JHk9YVjhk7c
2022-02-01,Unveiling game-changing wearable tech | Pattie Maes           ,nZ-VjUKAsao
2022-02-03,3 kinds of bias that shape your worldview | J. Marshall Shepherd           ,LcNvkhS4UYg
2022-02-05,"Jonathan Haidt: Religion, evolution, and the ecstasy of self-transcendence           ",2MYsx6WArKY
2022-02-06,"Meet Spot, the robot dog that can run, hop and open doors | Marc Raibert           ",AO4In7d6X-c
2022-02-11,Philip Evans: How data will transform business           ,EHTmxmuhZ10
2022-02-14,Shekhar Kapur: We are the stories we tell ourselves           ,jZxLsDkvkVQ
2022-02-19,Marc Goodman: A vision of crimes in the future           ,#NAME?
2022-02-22,What makes a good life? Lessons from the longest study on happiness | Robert Waldinger           ,8KkKuTCFvzI
2022-02-27,Why Vaccines are Made Too Late... If They’re Made At All | Seth Berkley | TED Talks           ,a7whovUoYu4
2022-03-04,A new way to monitor vital signs (that can see through walls) | Dina Katabi           ,CXy1byguvJY
2022-03-06,Have we reached the end of physics? | Harry Cliff           ,gWPFJgLAzu4
2022-03-07,The sound the universe makes | Janna Levin           ,eLz9TvxGoKs
2022-03-11,"See invisible motion, hear silent sounds. Cool? Creepy? We can't decide | Michael Rubinstein           ",fHfhorJnAEI
2022-03-12,"Billy Graham: Technology, faith and human shortcomings           ",90mj79GqWhc
2022-03-13,James B. Glattfelder: Who controls the world?           ,NgbqXsA62Qs
2022-03-18,Easy DIY projects for kid engineers | Fawn Qiu           ,1k89OTpDvIU
2022-03-21,How do you explain consciousness? | David Chalmers           ,uhRhtFFhNzQ
2022-03-24,Dare to disagree | Margaret Heffernan           ,PY_kd46RfVE
2022-03-27,Mark Shaw: One very dry demo           ,z5L_vPkorBU
2022-03-31,Electrical experiments with plants that count and communicate | Greg Gage           ,pvBlSFVmoaw
2022-04-02,Peter Eigen: How to expose the corrupt           ,XkiXXP_hycA
2022-04-04,"A printable, flexible, organic solar cell | Hannah Bürckstümmer           ",Erm4vP1vTn8
2022-04-09,Can we solve global warming? Lessons from how we protected the ozone layer | Sean Davis           ,08z_xW-szwM
2022-04-11,George Dyson: The birth of the computer           ,EF692dBzWAs
2022-04-16,How supply chain transparency can help the planet | Markus Mutz           ,ygxh6KR4BPk
2022-04-21,You aren't at the mercy of your emotions -- your brain creates them | Lisa Feldman Barrett           ,0gks6ceq4eQ
2022-04-22,Dancing with light | Quixotic Fusion           ,PKIvop5hJ90
2022-04-26,Geraldine Hamilton: Body parts on a chip           ,CpkXmtJOH84
2022-05-01,What's at the bottom of the ocean -- and how we're getting there | Victor Vescovo           ,UuskKfv2zxI
2022-05-04,The danger of a single story | Chimamanda Ngozi Adichie           ,D9Ihs241zeg
2022-05-07,How sampling transformed music | Mark Ronson           ,H3TF-hI7zKc
2022-05-11,Why tech needs the humanities | Eric Berridge           ,F2XPF6rQ6fs
2022-05-12,The profound power of an authentic apology | Eve Ensler           ,gQ-0oR3C1UM
2022-05-16,Woody Norris: Hypersonic sound and other inventions           ,HF9G9M0cR0E
2022-05-19,The brain benefits of deep sleep -- and how to get more of it |  Dan Gartenberg           ,1U2qMRGihGg
2022-05-20,I don't want children -- stop telling me I'll change my mind | Christen Reighter           ,A_xXC37CDSw
2022-05-25,Why fascism is so tempting -- and how your data could power it | Yuval Noah Harari           ,xHHb7R3kx40
2022-05-29,6 ways mushrooms can save the world | Paul Stamets           ,XI5frPV58tY
2022-06-03,5 transformational policies for a prosperous and sustainable world | Johan Rockström           ,Rv-tDrv__mc
2022-06-07,Digital humans that look just like us | Doug Roble           ,nJd_2mJ4u-I
2022-06-09,A bold idea to replace politicians | César Hidalgo           ,CyGWML6cI_k
2022-06-12,A hilarious celebration of lifelong female friendship | Jane Fonda and Lily Tomlin           ,HSercnrqeN4
2022-06-14,What if the poor were part of city planning? | Smruti Jukur Johari           ,sBQv41YbdCk
2022-06-17,"How a dragonfly's brain is designed to kill | DIY Neuroscience, a TED series           ",Y0vRupFPw90
2022-06-19,The first 21 days of a bee’s life | Anand Varma           ,6-tqiaPoS2U
2022-06-24,Eric Dishman: Take health care off the mainframe           ,F3OhcpK-UBc
2022-06-26,Atheism 2.0 | Alain de Botton           ,2Oe6HUgrRlQ
2022-06-29,The political power of being a good neighbor | Michael Tubbs           ,srhCnPUmJDI
2022-07-02,The difference between healthy and unhealthy love | Katie Hood           ,ON4iy8hq2hM
2022-07-06,Math is the hidden secret to understanding the world | Roger Antonsen           ,ZQElzjCsl9o
2022-07-11,Why 30 is not the new 20 | Meg Jay           ,vhhgI4tSMwc
2022-07-13,"Floating cities, the LEGO House and other architectural forms of the future | Bjarke Ingels           ",ieSV8-isy3M
2022-07-18,6 space technologies we can use to improve life on Earth | Danielle Wood           ,5RAJvzV9j-o
2022-07-23,My descent into America’s neo-Nazi movement -- and how I got out | Christian Picciolini           ,VM6HZqQKhok
2022-07-27,The unforeseen consequences of a fast-paced world | Kathryn Bouskill           ,CbnQtb9LUY4
2022-08-01,Rachel Pike: The science behind a climate headline           ,QlyorcJ28UA
2022-08-06,Every kid needs a champion | Rita Pierson           ,SFnMTHhKdkw
2022-08-08,What moral decisions should driverless cars make? | Iyad Rahwan           ,tb-WdVA4_bo
2022-08-11,The surprising solution to ocean plastic | David Katz           ,mT4Qbp89nIQ
2022-08-15,Conrad Wolfram: Teaching kids real math with computers           ,60OVlfAUPJg
2022-08-20,Taylor Wilson: My radical plan for small nuclear fission reactors           ,5HL1BEC024g
2022-08-23,Design at the Intersection of Technology and Biology | Neri Oxman | TED Talks           ,CVa_IZVzUoc
2022-08-25,"Margaret Heffernan: The dangers of ""willful blindness""           ",Kn5JRgz3W0o
2022-08-26,How augmented reality is changing activism | Glenn Cantave           ,ORW5MNCv_LU
2022-08-29,"The mind behind Tesla, SpaceX, SolarCity ... | Elon Musk           ",IgKWPdJWuBQ
2022-09-01,Steve Jurvetson: The joy of rockets           ,5ax1iSHp-ro
2022-09-06,"Jon Gosier: The problem with ""trickle-down techonomics""           ",POTosC2q6Hs
2022-09-11,Your brain on video games | Daphne Bavelier           ,FktsFcooIG8
2022-09-16,Autism — what we know (and what we don't know yet) | Wendy Chung           ,wKlMcLTqRLs
2022-09-18,What everyday citizens can do to claim power on the internet | Fadi Chehadé and Bryn Freedman           ,xn5gw0q3Tqw
2022-09-23,Lessons from the longest study on human development | Helen Pearson           ,8Dv2Hdf5TRg
2022-09-26,Peter Attia: What if we're wrong about diabetes?           ,UMhLBPPtlrY
2022-09-27,"Zeynep Tufekci: How the Internet has made social change easy to organize, hard to win           ",Mo2Ai7ESNL8
2022-09-29,The paradox of choice | Barry Schwartz           ,VO6XEQIsCoM
2022-10-03,How to grow a forest in your backyard | Shubhendu Sharma           ,mjUsobGWhs8
2022-10-06,Architectural secrets of the world's ancient wonders | Brandon Clifford           ,Stt4iGMiHiI
2022-10-10,The ethical dilemma of designer babies | Paul Knoepfler           ,nOHbn8Q1fBM
2022-10-13,Barbara Natterson-Horowitz: What veterinarians know that doctors don't           ,2tBuvxXxlS4
2022-10-14,How to gain control of your free time | Laura Vanderkam           ,n3kNlFMXslo
2022-10-18,Your body language may shape who you are | Amy Cuddy           ,Ks-_Mh1QhMc
2022-10-19,The hilarious art of book design | Chip Kidd           ,cC0KxNeLp1E
2022-10-23,How China is changing the future of shopping | Angela Wang           ,dOt4NkcmIUg
2022-10-26,Are we in control of our decisions? | Dan Ariely           ,9X68dm92HVI
2022-10-30,The next manufacturing revolution is here | Olivier Scalabre           ,AyWtIwwEgS0
2022-11-04,How deepfakes undermine truth and threaten democracy | Danielle Citron           ,pg5WtBjox-Y
2022-11-08,Nationalism vs. globalism: the new political divide | Yuval Noah Harari           ,szt7f5NmE9E
2022-11-13,A call to men | Tony Porter           ,td1PbsV6B80
2022-11-17,What would happen if we upload our brains to computers? | Robin Hanson           ,Urk3xn7l3AM
2022-11-21,My stroke of insight | Jill Bolte Taylor           ,UyyjU8fzEYU
2022-11-22,"An interview with the founders of Black Lives Matter | Alicia Garza, Patrisse Cullors, Opal Tometi           ",tbicAmaXYtM
2022-11-23,The next outbreak? We’re not ready | Bill Gates           ,6Af6b_wyiwI
2022-11-26,The secrets of learning a new language | Lýdia Machová           ,o_XVt5rdpFY
2022-11-27,The lies we tell pregnant women | Sofia Jawed-Wessel           ,zU-5GcqzHNM
2022-11-28,"Looking for a job? Highlight your ability, not your experience | Jason Shen           ",guXxy8LH2QM
2022-12-03,Why you should love statistics | Alan Smith           ,ogeGJS0GEF4
2022-12-07,"Sunni Brown: Doodlers, unite!           ",7fx0QcHyrFk
2022-12-11,The dream we haven't dared to dream | Dan Pallotta           ,hxsnKwmW0dk
2022-12-12,What if we replaced politicians with randomly selected people? | Brett Hennig           ,cUee1I69nFs
2022-12-15,Deb Roy: The birth of a word           ,RE4ce4mexrU
2022-12-20,"Teach girls bravery, not perfection | Reshma Saujani           ",fC9da6eqaqg
2022-12-22,How we can protect truth in the age of misinformation | Sinan Aral           ,-7ORAKULel4
2022-12-24,New York -- before the City | Eric Sanderson           ,3z1cCT2NP4k
2022-12-27,A robot that flies like a bird | Markus Fischer           ,Fg_JcKSHUtQ
2022-12-29,The next software revolution: programming biological cells | Sara-Jane Dunn           ,kdAs3UVgIGg
2022-12-30,The demise of guys? | Philip Zimbardo           ,FMJgZ4s2E3w
2023-01-03,A camera that can see around corners | David Lindell           ,Ir7wCAQINqw
2023-01-08,The power of believing that you can improve | Carol Dweck           ,_X0mgOOSpLU
2023-01-12,A taboo-free way to talk about periods | Aditi Gupta           ,OaGEM-Rms48
2023-01-15,Facebook's role in Brexit — and the threat to democracy | Carole Cadwalladr           ,OQSMr-3GGvQ
2023-01-19,The math and magic of origami | Robert Lang           ,NYKcOFQCeno
2023-01-24,"To save the climate, we have to reimagine capitalism | Rebecca Henderson           ",fua_rUk0zk0
2023-01-28,"Magical houses, made of bamboo | Elora Hardy           ",kK_UjBmHqQw
2023-02-01,Computing a theory of everything | Stephen Wolfram           ,60P7717-XOQ
2023-02-06,Elaine Morgan says we evolved from aquatic apes           ,gwPoM7lGYHw
2023-02-07,5 ways to listen better | Julian Treasure           ,cSohjlYQI2A
2023-02-09,A crash course in organic chemistry | Jakob Magolan           ,4INdeZ5HYpw
2023-02-12,Math can help uncover cancer's secrets | Irina Kareva           ,Tu01sNfs5SQ
2023-02-13,The genius behind some of the world's most famous buildings | Renzo Piano           ,GRfudKFLAmI
2023-02-18,Everything you think you know about addiction is wrong | Johann Hari           ,PY9DcIMGxMs
2023-02-22,Math is forever (with English subtitles) | Eduardo Sáenz de Cabezón           ,pGlZi2SwETc
2023-02-24,"How to be ""Team Human"" in the digital future | Douglas Rushkoff           ",Is1YUQVYkvY
2023-02-26,Sci-fi stories that imagine a future Africa | Nnedi Okorafor           ,Mt0PiXLvYlU
2023-02-27,What's so sexy about math? | Cédric Villani           ,Kc0Kthyo0hU
2023-02-28,How America's public schools keep kids in poverty | Kandice Sumner           ,7O7BMa9XGXE
2023-03-04,Why the universe seems so strange | Richard Dawkins           ,1APOxsp1VFw
2023-03-09,Geoffrey West: The surprising math of cities and corporations           ,XyCY6mjWOPc
2023-03-11,"How Amazon, Apple, Facebook and Google manipulate our emotions | Scott Galloway           ",xRL2vVAa47I
2023-03-15,Why are we happy? Why aren't we happy? | Dan Gilbert           ,LTO_dZUvbJA
2023-03-17,An unexpected tool for understanding inequality: abstract math | Eugenia Cheng           ,MeKJK4uetL8
2023-03-20,"Robert Gordon: The death of innovation, the end of growth           ",PYHd7rpOTe8
2023-03-22,The truth about unwanted arousal | Emily Nagoski           ,L-q-tSHo9Ho
2023-03-24,The magic of Fibonacci numbers | Arthur Benjamin           ,SjSHVDfXHQ4
2023-03-26,Abundance is our future | Peter Diamandis           ,BltRufe5kkI
2023-03-27,The agony of opioid withdrawal — and what doctors should tell patients about it | Travis Rieder           ,WhpAYw9kCt8
2023-03-31,Why is 'x' the unknown? | Terry Moore           ,YX_OxBfsvbk
2023-04-02,Danny Hillis: Back to the future (of 1994)           ,gdg4mU-wuhI
2023-04-06,The danger of silence | Clint Smith           ,NiKtZgImdlY
2023-04-09,The mathematics of love | Hannah Fry           ,yFVXsjVdvmY
2023-04-13,How I built a jet suit | Richard Browning           ,Q6U69HbAF9Y
2023-04-15,The best stats you've ever seen | Hans Rosling           ,hVimVzgtD6w
2023-04-16,The mathematician who cracked Wall Street | Jim Simons           ,U5kIdtMJGc8
2023-04-21,I grew up in the Westboro Baptist Church. Here's why I left | Megan Phelps-Roper           ,bVV2Zk88beY
2023-04-26,"Homeopathy, quackery and fraud | James Randi           ",c0Z7KeNCi7g
2023-05-01,"Lightning calculation and other ""mathemagic"" | Arthur Benjamin           ",M4vqr3_ROIk
2023-05-02,"In the war for information, will quantum computers defeat cryptographers? | Craig Costello           ",I3BJVaioX_k
2023-05-03,Conception to birth -- visualized | Alexander Tsiaras           ,fKyljukBE70
2023-05-07,Math class needs a makeover | Dan Meyer           ,NWUFjb8w9Ps
2023-05-12,Glenn Greenwald: Why privacy matters           ,pcSlowAhvUk
2023-05-16,A new weapon in the fight against superbugs | David Brenner           ,YATYsgi3e5A
2023-05-21,This company pays kids to do their math homework | Mohamad Jebara           ,wmE8dQcZgB4
2023-05-23,The polyphonic me | Beardyman           ,dIh8KBOOkYU
2023-05-26,How your emotions change the shape of your heart | Sandeep Jauhar           ,mwoLhdHRt_0
2023-05-31,Jean-Baptiste Michel: The mathematics of history           ,RkTE1LZ_tLk
2023-06-01,Michael Pritchard: How to make filthy water drinkable           ,rXepkIWPhFQ
2023-06-05,How to green the world's deserts and reverse climate change | Allan Savory           ,vpTHi7O66pI
2023-06-06,The era of blind faith in big data must end | Cathy O'Neil           ,_2u_eHHzRto
2023-06-09,"This computer is learning to read your mind | DIY Neuroscience, a TED series           ",tz9-N_mRI04
2023-06-11,Margaret Wertheim: The beautiful math of coral (and crochet)           ,zGEDHMF4rLI
2023-06-13,Let's teach for mastery -- not test scores | Sal Khan           ,#NAME?
2023-06-14,"Peter Molyneux demos Milo, the virtual boy           ",Uieh3RfkCng
2023-06-15,All it takes is 10 mindful minutes | Andy Puddicombe           ,qzR62JJCMBQ
2023-06-19,Sean Gourley on the mathematics of war           ,emn28FrJ6CI
2023-06-21,Gordon Brown: Wiring a web for global good           ,y7rrJAC84FA
2023-06-25,"Who are you, really? The puzzle of personality | Brian Little           ",qYvXk_bqlBk
2023-06-28,The magic ingredient that brings Pixar movies to life | Danielle Feinberg           ,Z1R1z9ipFnM
2023-07-02,"Urban architecture inspired by mountains, clouds and volcanoes | Ma Yansong           ",fFJeTy1_8Ng
2023-07-07,Sheena Iyengar: The art of choosing           ,lDq9-QxvsNU
2023-07-09,The $8 billion iPod | Rob Reid           ,GZadCj8O1-0
2023-07-12,David Kelley: The future of design is human-centered           ,eXndL3TNCmo
2023-07-16,Where are all the aliens? | Stephen Webb           ,qaIghx4QRN4
2023-07-17,"Comics that ask ""what if?"" | Randall Munroe           ",I64CQp6z0Pk
2023-07-20,How We Can Make the World a Better Place by 2030 | Michael Green | TED Talks           ,o08ykAqLOxk
2023-07-21,Evan Grant: Making sound visible through cymatics           ,CsjV1gjBMbQ
2023-07-24,The astounding athletic power of quadcopters | Raffaello D'Andrea           ,w2itwFJCgFQ
2023-07-25,My escape from North Korea | Hyeonseo Lee           ,PdxPCeWw75k
2023-07-30,Imaging at a trillion frames per second | Ramesh Raskar           ,Y_9vd4HWlVA
2023-08-04,"How I learned to read -- and trade stocks -- in prison | Curtis ""Wall Street"" Carroll           ",F89eycANUrQ
2023-08-09,Could a tattoo help you stay healthy? | Carson Bruns           ,4CGFPbFqdJ4
2023-08-13,Nicholas Christakis: The hidden influence of social networks           ,2U-tOghblfE
2023-08-18,A theory of everything | Garrett Lisi           ,y-Gk_Ddhr0M
2023-08-22,How civilization could destroy itself -- and 4 ways we could prevent it | Nick Bostrom           ,JrjjOGI6YB4
2023-08-24,The amazing brains and morphing skin of octopuses and other cephalopods | Roger Hanlon           ,ogCIqaCe2zI
2023-08-25,3 ways to make better decisions -- by thinking like a computer | Tom Griffiths           ,1mLQFm3wEfw
2023-08-27,Two reasons companies fail -- and how to avoid them | Knut Haanaes           ,XVXmYD0UPRQ
2023-08-30,Why the secret to success is setting the right goals | John Doerr           ,L4N1q4RNi9I
2023-09-03,Why we choke under pressure -- and how to avoid it | Sian Leah Beilock           ,OrB9JBEk1ds
2023-09-05,Nerdcore comedy | Ze Frank           ,FMkJVXi7Rp8
2023-09-10,The search for our solar system's ninth planet | Mike Brown           ,2UZKME9WP9M
2023-09-13,Origami robots that reshape and transform themselves | Jamie Paik           ,DTIjvPLkJgo
2023-09-16,A virus detection network to stop the next pandemic | Pardis Sabeti and Christian Happi           ,moLzH50AVMk
2023-09-18,"Yup, I built a nuclear fusion reactor | Taylor Wilson           ",9B0PaSznWJE
2023-09-23,The danger of AI is weirder than you think | Janelle Shane           ,OhCzX0iLnOc
2023-09-28,SpaceX's plan to fly you across the globe in 30 minutes | Gwynne Shotwell           ,Dar8P3r7GYA
2023-09-30,What the discovery of gravitational waves means | Allan Adams           ,jMVAgCPYYHY
2023-10-01,The real relationship between your age and your chance of success | Albert-László Barabási           ,ysblroPCgCw
2023-10-05,A fascinating time capsule of human feelings toward AI | Lucy Farey-Jones           ,b4qVI780Jgw
2023-10-06,The linguistic genius of babies | Patricia Kuhl           ,G2XBIkHW954
2023-10-09,Arthur Benjamin: Teach statistics before calculus!           ,BhMKmovNjvc
2023-10-11,What ocean microbes reveal about the changing climate | Angelicque White           ,Z7NUaAGmg44
2023-10-12,The future of psychedelic-assisted psychotherapy | Rick Doblin           ,Q9XD8yRPxc8
2023-10-17,Different ways of knowing | Daniel Tammet           ,Pzd7ReqiQnE
2023-10-18,The moral bias behind your search results | Andreas Ekström           ,_vBggxCNNno
2023-10-22,Making sense of string theory | Brian Greene           ,YtdE662eY_M
2023-10-23,"Mentalism, mind reading and the art of getting inside your head | Derren Brown           ",2IFa0tqHrwE
2023-10-28,Ze Frank: Are you human?           ,ccIt-qRQBoI
2023-11-02,Why people believe weird things | Michael Shermer           ,8T_jwq9ph8k
2023-11-07,David Deutsch: A new way to explain explanation           ,folTvNDL08A
2023-11-08,How to see past your own perspective and find truth | Michael Patrick Lynch           ,HDjM5lw8OYo
2023-11-11,Alison Gopnik: What do babies think?           ,cplaWsiu7Yg
2023-11-12,Need a new idea? Start at the edge of what is known | Vittorio Loreto           ,DGvPfD1Dd1U
2023-11-14,Amber Case: We are all cyborgs now           ,z1KJAXM3xYA
2023-11-17,"The story of 'Oumuamua, the first visitor from another star system | Karen J. Meech           ",rfi3w9Bzwik
2023-11-21,Andrew Stanton: The clues to a great story           ,KxDwieKpawg
2023-11-23,Don Tapscott: Four principles for the open world           ,jfqwHT3u1-8
2023-11-28,Why does the universe exist? | Jim Holt           ,zORUUqJd81M
2023-12-02,Rodney Mullen: Pop an ollie and innovate!           ,3GVO-MfIl1Q
2023-12-04,A simple way to break a bad habit | Judson Brewer           ,#NAME?
2023-12-09,The power of vulnerability | Brené Brown           ,iCvmsMzlF7o
2023-12-13,Which country does the most good for the world? | Simon Anholt           ,1X7fZoDs9KU
2023-12-14,Kate Stone: DJ decks made of... paper           ,y9wzax_PtIo
2023-12-19,What hallucination reveals about our minds | Oliver Sacks           ,SgOTaXhbqPQ
2023-12-21,The best kindergarten you’ve ever seen | Takaharu Tezuka           ,J5jwEyDaR-0
2023-12-23,New experiments in self-teaching | Sugata Mitra           ,dk60sYrU2RU
2023-12-28,Nancy Etcoff: Happiness and its surprises           ,6W2dsnhC18Q
2023-12-29,Ron Eglash: The fractals at the heart of African designs           ,7n36qV4Lk94
2024-01-02,"How we can build AI to help humans, not hurt us | Margaret Mitchell           ",twWkGt33X_k
2024-01-04,Where did the Moon come from? A new theory | Sarah T. Stewart           ,7uRPPaYuu44
2024-01-09,A beginner's guide to quantum computing | Shohini Ghose           ,QuR969uMICM
2024-01-14,It's OK to feel overwhelmed. Here's what to do next | Elizabeth Gilbert           ,oNBvC25bxQU
2024-01-15,How to stay calm when you know you'll be stressed | Daniel Levitin           ,8jPQjjsBbIc
2024-01-16,Keep your goals to yourself | Derek Sivers           ,NHopJHSlVo4
2024-01-20,An AI smartwatch that detects seizures | Rosalind Picard           ,YkYdxjaqt58
2024-01-21,Why we have too few women leaders | Sheryl Sandberg           ,18uDutylDa4
2024-01-22,You don't have to be an expert to solve big problems | Tapiwa Chiwewe           ,OEydHbngSz0
2024-01-27,Mark Plotkin: What the people of the Amazon know that you don’t           ,_XJ20tt5nPQ
2024-01-31,How CRISPR lets us edit our DNA | Jennifer Doudna           ,TdBAHexVYzc
2024-02-05,The global learning crisis -- and what to do about it | Amel Karboul           ,9y7YEmyz-Do
2024-02-07,"Erik Schlangen: A ""self-healing"" asphalt           ",xP3-W546HYs
2024-02-09,Rethinking infidelity ... a talk for anyone who has ever loved | Esther Perel           ,P2AUat93a8Q
2024-02-10,A new way to get every child ready for kindergarten | Claudia Miner           ,EtzumV-GwOQ
2024-02-13,Chris Urmson: How a driverless car sees the road           ,tiwVMrTLUWg
2024-02-14,Militant atheism | Richard Dawkins           ,VxGMqKCcN6A
2024-02-15,"To eliminate waste, we need to rediscover thrift | Andrew Dent           ",kZP8Kqr_bcw
2024-02-20,Chris Milk: How virtual reality can create the ultimate empathy machine           ,iXHil1TPxvA
2024-02-25,Teach every child about food | Jamie Oliver           ,go_QOzc79Uc
2024-02-28,What the sugar coating on your cells is trying to tell you | Carolyn Bertozzi           ,BPeFy4iyzn0
2024-03-04,There's more to life than being happy | Emily Esfahani Smith           ,y9Trdafp83U
2024-03-07,Turning trash into toys for learning | Arvind Gupta           ,KnCqR2yUXoU
2024-03-08,The rhythm of Afrobeat | Sauti Sol           ,56XQd6fcWu8
2024-03-10,How to build a resilient future using ancient wisdom | Julia Watson           ,_DOOJx7AZfM
2024-03-12,How we'll become cyborgs and extend human potential | Hugh Herr           ,PLk8Pm_XBJE
2024-03-17,How centuries of sci-fi sparked spaceflight | Alex MacDonald           ,#NAME?
2024-03-19,Art that transforms cities into playgrounds of the imagination | Helen Marriage           ,nAHvKC_k5VE
2024-03-22,Drew Berry: Animations of unseeable biology           ,WFCvkkDSfIU
2024-03-26,"Marcus du Sautoy: Symmetry, reality's riddle           ",415VX3QX4cU
2024-03-31,This app makes it fun to pick up litter | Jeff Kirschner           ,es4w3WUcrN0
2024-04-03,Brain magic | Keith Barry           ,GigYWy2UmOY
2024-04-07,My $500 house in Detroit -- and the neighbors who helped me rebuild it | Drew Philp           ,#NAME?
2024-04-11,Chris McKnett: The investment logic for sustainability           ,rpOwTspdwkI
2024-04-12,The dirty secret of capitalism -- and a new way forward | Nick Hanauer           ,th3KE_H27bs
2024-04-13,How cancer cells communicate — and how we can slow them down | Hasini Jayatilaka           ,1fZ915L1w7I
2024-04-14,Drew Curtis: How I beat a patent troll           ,E_lb3D7Ay-M
2024-04-19,The surprising habits of original thinkers | Adam Grant           ,fxbCHn6gE3U
2024-04-23,You may be accidentally investing in cigarette companies | Bronwyn King           ,l--QYXCecew
2024-04-26,The invisible life hidden beneath Antarctica's ice | Ariel Waldman           ,QVgq4b9Tag8
2024-05-01,A delightful way to teach kids about computers | Linda Liukas           ,vcxwcWuq7KQ
2024-05-05,How does income affect childhood brain development? | Kimberly Noble           ,xTra-yePY_A
2024-05-06,How adaptive clothing empowers people with disabilities | Mindy Scheier           ,a17Z5Sk2XJY
2024-05-08,What really matters at the end of life | BJ Miller           ,apbSsILLh28
2024-05-11,How vultures can help solve crimes | Lauren Pharr           ,klm0ghWoEhQ
2024-05-12,What you need to know about stalkerware | Eva Galperin           ,xzWFrHHTrs8
2024-05-13,Why you should define your fears instead of your goals | Tim Ferriss           ,5J6jAC6XxAI
2024-05-15,Why I study the most dangerous animal on earth -- mosquitoes | Fredros Okumu           ,ZJPdJuhI03U
2024-05-18,How to build a company where the best ideas win | Ray Dalio           ,HXbsVbFAczg
2024-05-19,How we explore unanswered questions in physics | James Beacham           ,BQj2Z_GPsY8
2024-05-22,Ge Wang: The DIY orchestra of the future           ,ol1b5mMeP7s
2024-05-27,Your elusive creative genius | Elizabeth Gilbert           ,86x-u-tz0MA
2024-05-30,What a nun can teach a scientist about ecology | Victoria Gill           ,gnbVwu04oiA
2024-06-03,A dance to honor Mother Earth | Jon Boogz and Lil Buck           ,Hg9STIrY0No
2024-06-07,Fabian Hemmert: The shape-shifting future of the mobile phone           ,QuI-7J59_Yw
2024-06-12,How to make stress your friend | Kelly McGonigal           ,RcGyVTAoXEU
2024-06-15,How changing your story can change your life | Lori Gottlieb           ,O_MQr4lHm0c
2024-06-19,An ethical plan for ending the pandemic and restarting the economy | Danielle Allen           ,f4xu7w6Vf0U
2024-06-22,The art of misdirection | Apollo Robbins           ,GZGY0wPAnus
2024-06-23,An economic case for protecting the planet | Naoko Ishii           ,tbvUCrS5_5I
2024-06-26,The cost of workplace stress -- and how to reduce it | Rob Cooke           ,QE8kNh52EeU
2024-06-28,One more reason to get a good night’s sleep | Jeff Iliff           ,MJK-dMlATmM
2024-07-03,"How the hyperlink changed everything | Small Thing Big Idea, a TED series           ",3Va3oY8pfSI
2024-07-04,How AI can bring on a second Industrial Revolution | Kevin Kelly           ,IjbTiRbeNpM
2024-07-08,The call to learn | Clifford Stoll           ,Gj8IA6xOpSk
2024-07-11,How to lead a conversation between people who disagree | Eve Pearlman           ,3BDF7cD2M6g
2024-07-12,Why you don’t like the sound of your own voice | Rébecca Kleinberger           ,g3vSYbT1Aco
2024-07-16,Why are these 32 symbols found in caves all over Europe | Genevieve von Petzinger           ,hJnEQCMA5Sg
2024-07-19,Paul Kemp-Robertson: Bitcoin. Sweat. Tide. Meet the future of branded currency.           ,cb-ts8fUhB8
2024-07-20,"""You Never Can Tell"" / ""Over the Mountain, Across the Sea"" | Elise LeGrow           ",pzH92njLrTE
2024-07-23,Grit: the power of passion and perseverance | Angela Lee Duckworth           ,H14bBuluwB8
2024-07-25,Should we create a solar shade to cool the earth? | Danny Hillis           ,zA6_pcEz8Ls
2024-07-28,What it takes to launch a telescope | Erika Hamden           ,aVOJA8qI7oo
2024-07-29,TED's secret to great public speaking | Chris Anderson           ,#NAME?
2024-08-03,Robert Wright: The evolution of compassion           ,N4wFyRGilp4
2024-08-08,Hamilton vs. Madison and the birth of American partisanship | Noah Feldman           ,PrK0CifulU0
2024-08-10,Why is our universe fine-tuned for life? | Brian Greene           ,bf7BXwVeyWw
2024-08-15,The role of faith and belief in modern Africa | Ndidi Nwuneli           ,WKlIyta-lu4
2024-08-20,What will a future without secrets look like? | Alessandro Acquisti           ,H_pqhMO3ZSY
2024-08-22,How great leaders inspire action | Simon Sinek           ,qp0HIF3SfI4
2024-08-23,The power of citizen video to create undeniable truths | Yvette Alberdingk Thijm           ,t6eFzt6kFGE
2024-08-27,"""Awoo"" | Sofi Tukker           ",#NAME?
2024-08-28,10 things you didn't know about orgasm | Mary Roach           ,7jx0dTYUO5E
2024-08-31,Why museums are returning cultural treasures | Chip Colwell           ,YUUP2MMz7PU
2024-09-05,"A healthy economy should be designed to thrive, not grow | Kate Raworth           ",Rhcrbcg8HBw
2024-09-09,How childhood trauma affects health across a lifetime | Nadine Burke Harris           ,95ovIJ3dsNk
2024-09-10,Can a robot pass a university entrance exam? | Noriko Arai           ,BXcFEhl7ynM
2024-09-14,How symbols and brands shape our humanity | Debbie Millman           ,o-W_KgZhG_A
2024-09-18,How economic inequality harms societies | Richard Wilkinson           ,cZ7LzE3u7Bw
2024-09-21,Could fish social networks help us save coral reefs? | Mike Gil           ,b4k-KPELNcc
2024-09-23,We should all be feminists | Chimamanda Ngozi Adichie           ,S6ufvYWTqQ0
2024-09-27,Nicholas Christakis: How social networks predict epidemics           ,L-dPxGLesE4
2024-09-30,"To solve the world's biggest problems, invest in women and girls | Musimbi Kanyoro           ",Qao76IPXW-E
2024-10-01,"Jennifer Golbeck: The curly fry conundrum: Why social media ""likes"" say more than you might think           ",hgWie9dnssU
2024-10-04,The problem with race-based medicine | Dorothy Roberts           ,KxLMjn4WPBY
2024-10-08,A simple new blood test that can catch cancer early | Jimmy Lin           ,nO69Njad-ec
2024-10-11,Edward Tenner: Unintended consequences           ,rGaj2VImQec
2024-10-16,The single biggest reason why start-ups succeed | Bill Gross           ,bNpx7gpSqbY
2024-10-19,How we can teach computers to make sense of our emotions | Raphael Arar           ,hs-YuHv0vUk
2024-10-21,"What COVID-19 means for the future of commerce, capitalism and cash | Dan Schulman           ",DOa5ijO5Ba4
2024-10-26,100 solutions to reverse global warming | Chad Frischmann           ,D4vjGSiRGKY
2024-10-31,Your words may predict your future mental health | Mariano Sigman           ,uTL9tm7S1Io
2024-11-05,How a male contraceptive pill could work | John Amory           ,7MHOk7qVhYs
2024-11-08,How risk-taking changes a teenager's brain | Kashfia Rahman           ,VLDwh4ivNf4
2024-11-09,How to keep human bias out of AI | Kriti Sharma           ,BRRNeBKwvNM
2024-11-11,A new way to fund health care for the most vulnerable | Andrew Bastawrous           ,QMcwDmHiUZ8
2024-11-14,Optical illusions show how we see | Beau Lotto           ,mf5otGNbkuc
2024-11-16,Siegfried Woldhek: The true face of Leonardo Da Vinci?           ,7vXsynj1QkQ
2024-11-21,How the US government spies on people who protest -- including you | Jennifer Granick           ,kdqUhTnAgJU
2024-11-22,The secret US prisons you've never heard of before | Will Potter           ,xuAAPsiD768
2024-11-24,The art of bow-making | Dong Woo Jang           ,WfTZ5iIUn4s
2024-11-25,The incredible chemistry powering your smartphone | Cathy Mulzer           ,PmY1Dr2iQ_Q
2024-11-30,This could be why you're depressed or anxious | Johann Hari           ,MB5IX-np5fE
2024-12-02,Machine intelligence makes human morals more important | Zeynep Tufekci           ,hSSmmlridUM
2024-12-06,Why winning doesn't always equal success | Valorie Kondos Field           ,JJyeKiT8g4g
2024-12-09,The urgency of intersectionality | Kimberlé Crenshaw           ,akOe5-UsQ2o
2024-12-10,"The past, present and future of nicotine addiction | Mitch Zeller           ",yfLp_vueUxY
2024-12-15,"To help solve global problems, look to developing countries | Bright Simons           ",ssR-RguvjHo
2024-12-19,Why humans run the world | Yuval Noah Harari           ,nzj7Wg4DAbs
2024-12-22,What doctors should know about gender identity | Kristie Overstreet           ,Euegk8-WjoQ
2024-12-25,How adoption worked for me | Christopher Ategeka           ,M0-b-z5Le10
2024-12-26,The incredible inventions of intuitive AI | Maurice Conti           ,aR5N2Jl8k14
2024-12-30,A robot that runs and swims like a salamander | Auke Ijspeert           ,K926HAKRFvw
2025-01-01,What reading slowly taught me about writing | Jacqueline Woodson           ,HzAtOyw6ACw
2025-01-04,Manu Prakash: A 50-cent microscope that folds like origami           ,h8cF5QPPmWU
2025-01-07,David Merrill: Toy tiles that talk to each other           ,JP0w9lZoLwU
2025-01-10,Let's launch a satellite to track a threatening greenhouse gas | Fred Krupp           ,5qzy1fHYQNg
2025-01-15,Want to be happier? Stay in the moment | Matt Killingsworth           ,Qy5A8dVYU3k
2025-01-17,An intergalactic guide to using a defibrillator | Todd Scott           ,WfD_FRPjQTo
2025-01-22,My love letter to cosplay | Adam Savage           ,cXbXNV9-ZAg
2025-01-24,How I held my breath for 17 minutes | David Blaine           ,XFnGhrC_3Gs
2025-01-26,How to use data to make a hit TV show | Sebastian Wernicke           ,vQILP19qABk
2025-01-31,"You smell with your body, not just your nose | Jennifer Pluznick           ",bJkv9b9o9lo
2025-02-02,The happy secret to better work | Shawn Achor           ,fLJsdqxnZb0
2025-02-04,How an old loop of railroads is changing the face of a city | Ryan Gravel           ,qaf-jNLjedo
2025-02-05,How we use astrophysics to study earthbound problems | Federica Bianco           ,oH-pbEqdJTQ
2025-02-09,Can we build AI without losing control over it? | Sam Harris           ,8nt3edWLgIg
2025-02-12,The surprising ingredient that makes businesses work better | Marco Alverà           ,mgcjr1yz7ow
2025-02-16,Let's end ageism | Ashton Applewhite           ,WfjzkO6_DEI
2025-02-19,"A COVID-19 ""exit"" strategy to end lockdown and reopen the economy | Uri Alon           ",dx1HM5ZSs-Y
2025-02-23,Michael Moschen: Juggling rhythm and motion           ,BS-LyKorcq8
2025-02-24,How I help people understand vitiligo | Lee Thomas           ,byAogVoMViE
2025-02-26,"Why we love, why we cheat | Helen Fisher           ",x-ewvCNguug
2025-03-02,"Why pasta comes in all shapes and sizes | Small Thing Big Idea, a TED series           ",yyVMZHjaY40
2025-03-03,Frank Gehry: Nice building. Then what?           ,FWuix2tbk9Q
2025-03-08,The dawn of the age of holograms | Alex Kipman           ,1cQbMP3I5Sk
2025-03-13,Max Little: A test for Parkinson's with a phone call           ,HWsehvUkI-c
2025-03-18,New nanotech to detect cancer early | Joshua Smith           ,HfMhU6qjVVM
2025-03-22,A swarm of mini drones makes ... magic! | Marco Tempest           ,u2bQSKvZ2qI
2025-03-27,Sara Seager: The search for planets beyond our solar system           ,k8OgHJ4WXR0
2025-03-30,How women in rural India turned courage into capital | Chetna Gala Sinha           ,v5c3FE_qRnI
2025-04-03,"How you can help save the bees, one hive at a time | Noah Wilson-Rich           ",WlFsUeYzezk
2025-04-04,Reggie Watts disorients you in the most entertaining way           ,BdHK_r9RXTc
2025-04-05,3 ways to measure your adaptability -- and how to improve it | Natalie Fratto           ,xJM_CQN8-ns
2025-04-09,"""Everything happens for a reason"" -- and other lies I've loved | Kate Bowler           ",DTcJmIbn5nw
2025-04-13,The year in ideas: TED Talks of 2014           ,7E9a24Nw6Cg
2025-04-15,What if all US health care costs were transparent? | Jeanne Pinder           ,ZjeZ8r7yWOk
2025-04-20,Are you a giver or a taker? | Adam Grant           ,YyXRYgjQXX0
2025-04-22,"How to get empowered, not overpowered, by AI | Max Tegmark           ",2LRwvU6gEbA
2025-04-24,Art can heal PTSD's invisible wounds | Melissa Walker           ,Qs9m8obl0AY
2025-04-29,"Why nations should pursue ""soft"" power | Shashi Tharoor           ",EiTrl0W1QrM
2025-05-01,"Why ""biofabrication"" is the next industrial revolution | Suzanne Lee           ",7pMhqyteR5g
2025-05-05,The paradox of efficiency | Edward Tenner           ,1LX6rCIZaIU
2025-05-09,"We don't ""move on"" from grief. We move forward with it | Nora McInerny           ",khkJkR-ipfw
2025-05-12,Bridges should be beautiful | Ian Firth           ,dKq34EVggjI
2025-05-17,"To solve old problems, study new species | Alejandro Sánchez Alvarado           ",xsU10fX0aC0
2025-05-19,The way we think about biological sex is wrong | Emily Quinn           ,stUl_OapUso
2025-05-21,"Robert Neuwirth: The ""shadow cities"" of the future           ",_2Js_g7M60M
2025-05-26,The global goals we've made progress on -- and the ones we haven't | Michael Green           ,N3SQlrmV1cE
2025-05-27,The shocking danger of mountaintop removal -- and why it must end | Michael Hendryx           ,dO1LxQEoGLc
2025-05-28,Niels Diffrient: Rethinking the way we sit down           ,UAq4yBdSYZs
2025-06-02,"An astronaut's story of curiosity, perspective and change | Leland Melvin           ",McxUiTl61nY
2025-06-04,"Build a tower, build a team | Tom Wujec           ",H0_yKBitO8M
2025-06-07,Chimps have feelings and thoughts. They should also have rights           ,VLe84OkwKOA
2025-06-10,"A smarter, more precise way to think about public health | Sue Desmond-Hellmann           ",ddxHlkIuHqg
2025-06-14,"The Chinese zodiac, explained | ShaoLan           ",Kxg0_EpOcWs
2025-06-17,David Mackay: A reality check on renewables           ,1gAQ82IHyZ8
2025-06-22,What it's like to be a Muslim in America | Dalia Mogahed           ,wzkFoetp-_M
2025-06-26,"John Maeda: How art, technology and design inform creative leaders           ",WAuDCOl9qrk
2025-06-28,It's time for women to run for office | Halla Tómasdóttir           ,uYaF8p_TNSU
2025-07-02,The history of human emotions | Tiffany Watt Smith           ,S-3qnZrVy9o
2025-07-06,How museums help communities heal | Honor Harger           ,fvKC5ACxXYA
2025-07-11,Every piece of art you've ever wanted to see -- up close and searchable | Amit Sood           ,CjB6DQGalU0
2025-07-13,How artists can (finally) get paid in the digital age | Jack Conte           ,RlQ3C_VanaU
2025-07-14,Falling in love is the easy part | Mandy Len Catron           ,3aYWvujaT6M
2025-07-15,What we do (and don't) know about the coronavirus | David Heymann           ,f8c3TzQtD4k
2025-07-20,"A Saudi, an Indian and an Iranian walk into a Qatari bar ... | Maz Jobrani           ",9kxL9Cf46VM
2025-07-23,Moral behavior in animals | Frans de Waal           ,GcJxRqTs5nk
2025-07-27,Shape-shifting tech will change work as we know it | Sean Follmer           ,8sheoGMsy3Q
2025-07-28,Let's make the world wild again | Kristine Tompkins           ,UWothcLpazU
2025-07-31,The secret to desire in a long-term relationship | Esther Perel           ,sa0RUmGTCYY
2025-08-03,David Bolinsky: Visualizing the wonder of a living cell           ,Id2rZS59xSE
2025-08-04,Listening to shame | Brené Brown           ,psN1DORYYV0
2025-08-06,A 12-year-old app developer | Thomas Suarez           ,Fkd9TWUtFm0
2025-08-11,How I'm using LEGO to teach Arabic | Ghada Wali           ,cZe3zcNoIKk
2025-08-13,Donald Sadoway: The missing link to renewable energy           ,Sddb0Khx0yA
2025-08-18,"Looks aren't everything. Believe me, I'm a model. | Cameron Russell           ",KM4Xe6Dlp0Y
2025-08-22,Clay Shirky: Institutions vs. collaboration           ,sPQViNNOAkw
2025-08-24,David Pogue: Simplicity sells           ,NEjZt0y6OOw
2025-08-28,"How businesses can serve everyone, not just shareholders | Dame Vivian Hunt           ",RszqjNDCBX0
2025-08-31,How to find the person who can help you get ahead at work | Carla Harris           ,gpE_W50OTUc
2025-09-02,The transformative power of classical music | Benjamin Zander           ,r9LCwI5iErE
2025-09-03,What Islam really says about women | Alaa Murabit           ,FETryXMpDl8
2025-09-04,Murray Gell-Mann: Beauty and truth in physics           ,UuRxRGR3VpM
2025-09-06,How diversity makes teams more innovative | Rocío Lorenzo           ,lPtPG2lAmm4
2025-09-09,What obligation do social media platforms have to the greater good? | Eli Pariser           ,bWA1gvA5lxU
2025-09-10,"The ""dementia village"" that's redefining elder care | Yvonne van Amerongen           ",YSZhrxOkBZI
2025-09-15,"Ellen Jorgensen: Biohacking -- you can do it, too           ",AWEpeW7Ojzs
2025-09-16,Eric X. Li: A tale of two political systems           ,s0YjL9rZyR0
2025-09-17,Khalida Brohi: How I work to protect women from honor killings           ,RAR4cz9wkUk
2025-09-22,A life-saving device that detects silent heart attacks | Akash Manoj           ,yXh1p2oBbPI
2025-09-27,Does money make you mean? | Paul Piff           ,bJ8Kq1wucsk
2025-09-28,A Warrior’s Cry Against Child Marriage | Memory Banda | TED Talks           ,xkFTZcUPjBg
2025-09-29,Would you live in a floating city in the sky? (with English subtitles) | Tomás Saraceno           ,B5pFS8XD_MM
2025-10-04,A human-robot dance duet | Huang Yi & KUKA           ,Q-sK-s_TzN0
2025-10-05,Why our universe might exist on a knife-edge | Gian Giudice           ,b8z6HfSq7l8
2025-10-07,"Kevin Kelly: The next 5,000 days of the web           ",yDYCf4ONh5M
2025-10-11,Alex Wissner-Gross: A new equation for intelligence           ,ue2ZEmTJ_Xo
2025-10-15,Peter Singer: The why and how of effective altruism           ,Diuv3XZQXyc
2025-10-16,The way we think about charity is dead wrong | Dan Pallotta           ,bfAzi6D5FpM
2025-10-17,The orchestra in my mouth | Tom Thum           ,DFjIi2hxxf0
2025-10-20,A one-man musical phenomenon | Jacob Collier           ,dDZoGcQVjJg
2025-10-21,Dangerous memes | Dan Dennett           ,KzGjEkp772s
2025-10-25,Is the world getting better or worse? A look at the numbers | Steven Pinker           ,yCm9Ng0bbEQ
2025-10-28,Insightful human portraits made from data | R. Luke DuBois           ,9kBKQS7J7xI
2025-11-02,Pia Mancini: How to upgrade democracy for the Internet era           ,NXfYNdapq3Q
2025-11-05,What intelligent machines can learn from a school of fish | Radhika Nagpal           ,0bRocfcPhHU
2025-11-06,A funny look at the unintended consequences of technology | Chuck Nice           ,hQigUH0vZSE
2025-11-07,How online abuse of women has spiraled out of control | Ashley Judd           ,GSf6nij-SdA
2025-11-09,What if 3D printing was 100x faster? | Joseph DeSimone           ,ihR9SX7dgRo
2025-11-11,The journey through loss and grief | Jason B. Rosenthal           ,lhoCdZFoktQ
2025-11-13,Lesley Hazleton: The doubt essential to faith           ,6ORDQFh0Byw
2025-11-14,Feats of memory anyone can do | Joshua Foer           ,U6PoUg7jXsA
2025-11-16,Ideas worth dating           ,ktD119xbBtY
2025-11-17,My underwater robot | David Lang           ,5riPKdpuoiI
2025-11-22,What will humans look like in 100 years? | Juan Enriquez           ,w8lH8tNlAXc
2025-11-23,Greg Lynn: How calculus is changing architecture           ,DeyzUysMLy0
2025-11-26,The living tech we need to support human life on other planets | Lynn Rothschild           ,oBdzOIzwtng
2025-11-27,How we'll fight the next deadly virus | Pardis Sabeti           ,G8RxjxdUulE
2025-11-30,"An ER doctor on triaging your ""crazy busy"" life | Darria Long           ",nLjchFPvcQo
2025-12-04,Why the hospital of the future will be your own home | Niels van Namen           ,zamvnyBB-SU
2025-12-06,How bumble bees inspired a network of tiny museums | Amanda Schochet           ,5ghYJlahAWQ
2025-12-07,Why the buildings of the future will be shaped by ... you | Marc Kushner           ,hha0NsYXS5c
2025-12-08,A 30-year history of the future | Nicholas Negroponte           ,5b5BDoddOLA
2025-12-10,Your body was forged in the spectacular death of stars | Enrico Ramirez-Ruiz           ,s7QPgarhiWg
2025-12-15,Why I train grandmothers to treat depression | Dixon Chibanda           ,Cprp_EjVtwA
2025-12-19,Josh Silver demos adjustable liquid-filled eyeglasses           ,tpKWHSsBpnE
2025-12-22,Art in the age of machine intelligence | Refik Anadol           ,UxQDG6WQT5s
2025-12-27,How racial bias works -- and how to disrupt it | Jennifer L. Eberhardt           ,rVNb53lkBuc
2025-12-31,Chris Anderson: How YouTube is driving innovation           ,LnQcCgS7aPQ
2026-01-03,What investigating neural pathways can reveal about mental health | Kay M. Tye           ,Fu1Zi1PYqos
2026-01-08,Jon Nguyen: Tour the solar system from home           ,82EHVVftQAw
2026-01-09,Nirmalya Kumar: India's invisible innovation           ,iyfdWsa1zns
2026-01-11,How we can turn the tide on climate | Christiana Figueres and Chris Anderson           ,NUFEBioLPf8
2026-01-12,Our buggy moral code | Dan Ariely           ,onLPDegxXx8
2026-01-15,What we don't teach kids about sex | Sue Jaye Johnson           ,VMXdSkW6hns
2026-01-17,Building a dinosaur from a chicken | Jack Horner           ,0QVXdEOiCw8
2026-01-18,3 ways to spot a bad statistic | Mona Chalabi           ,Zwwanld4T1w
2026-01-19,The family I lost in North Korea. And the family I gained | Joseph Kim           ,nLeeTVmVrtA
2026-01-22,What your breath could reveal about your health | Julian Burschka           ,aQsOmGflf1o
2026-01-25,How Too Many Rules at Work Keep You from Getting Things Done | Yves Morieux | TED Talks           ,t__NoFstCmQ
2026-01-27,Bring on the learning revolution! | Ken Robinson           ,kFMZrEABdw4
2026-01-29,A new way to remove CO2 from the atmosphere | Jennifer Wilcox           ,XY_lzonfE3I
2026-02-02,Kiran Bir Sethi teaches kids to take charge           ,7Y2sj_G4Njg
2026-02-06,Eric Lewis plays chaos and harmony           ,XleLQUcOVsc
2026-02-11,Climate change will displace millions. Here's how we prepare | Colette Pichon Battle           ,8NSQYO2es3U
2026-02-16,How college loans exploit students for profit | Sajay Samuel           ,YXWKuK-Qsu4
2026-02-21,Eric Whitacre: Virtual Choir Live           ,cnQFvrWDYsU
2026-02-22,The tiny creature that secretly powers the planet | Penny Chisholm           ,ylOlZz7s52Q
2026-02-24,Rob Forbes: Ways of seeing           ,4mNgNV533nk
2026-02-26,The age of genetic wonder | Juan Enriquez           ,#NAME?
2026-02-28,"A kinder, gentler philosophy of success | Alain de Botton           ",MtSE4rglxbY
2026-03-05,The data behind Hollywood's sexism | Stacy Smith           ,7kkRkhAXZGg
2026-03-08,Sheila Nirenberg: A prosthetic eye to treat blindness           ,Aa2JfigaNcs
2026-03-10,How we can store digital data in DNA | Dina Zielinski           ,wxStlzunxCw
2026-03-15,How to raise successful kids -- without over-parenting | Julie Lythcott-Haims           ,CyElHdaqkjo
2026-03-18,Chrystia Freeland: The rise of the new global super-rich           ,d6NKdnZvdoo
2026-03-20,How we can turn the cold of outer space into a renewable resource | Aaswath Raman           ,7a5NyUITbyk
2026-03-23,How the coronavirus pandemic is changing the world | Fareed Zakaria           ,ldKtWp7jlHI
2026-03-25,John Doerr: Seeking salvation and profit in greentech           ,nuXJFbJNltg
2026-03-28,Why noise is bad for your health -- and what you can do about it | Mathias Basner           ,ewNTwBbLUhM
2026-03-29,3 fears about screen time for kids -- and why they're not true | Sara DeWitt           ,8woKcr7u-YQ
2026-04-03,Matthew White gives the euphonium a new voice           ,5APf07w4J2c
2026-04-06,Pointing to the future of UI | John Underkoffler           ,b6YTQJVzwlI
2026-04-10,Robert Full: Learning from the gecko's tail           ,d3syTrElgcg
2026-04-11,Hadyn Parry: Re-engineering mosquitos to fight disease           ,cpsRAk5HpK4
2026-04-14,7 principles for building better cities | Peter Calthorpe           ,IFjD3NMv6Kw
2026-04-19,Why you think you're right -- even if you're wrong | Julia Galef           ,w4RLfVxTGH4
2026-04-22,How to truly listen | Evelyn Glennie           ,IU3V6zNER4g
2026-04-23,Why you should make useless things | Simone Giertz           ,c0bsKc4tiuY
2026-04-24,A highly scientific taxonomy of haters | Negin Farsad           ,XiDAztWWAuM
2026-04-25,"Vusi Mahlasela: ""Thula Mama""           ",LW0SMk-HJ3M
2026-04-30,James Hansen: Why I must speak out about climate change           ,fWInyaMWBY8
2026-05-04,"3 psychological tricks to help you save money | The Way We Work, a TED series           ",DOisAG9yoNk
2026-05-09,Nandan Nilekani's ideas for India's future           ,2cYDyMnL4M8
2026-05-13,Where good ideas come from | Steven Johnson           ,0af00UcTO-c
2026-05-15,"New bionics let us run, climb and dance | Hugh Herr           ",CDsNZJTWw0w
2026-05-20,How to start a movement | Derek Sivers           ,V74AxCqOTvg
2026-05-25,How we must respond to the coronavirus pandemic | Bill Gates           ,Xe8fIjxicoo
2026-05-27,The best teams have this secret weapon | Adam Grant           ,hPgY45xsGsU
2026-05-30,Amos Winter: The cheap all-terrain wheelchair           ,k6qTwqiHnAM
2026-06-04,"Lesley Hazleton: A ""tourist"" reads the Koran           ",3Y2Or0LlO6g
2026-06-05,Eva Zeisel: The playful search for beauty           ,x72uoP2a55I
2026-06-06,Ben Cameron: The true power of the performing arts           ,py1RrSdVt5A
2026-06-09,A climate solution where all sides can win | Ted Halstead           ,ta2Wvy9F_gA
2026-06-10,"8 lessons on building a company people enjoy working for | The Way We Work, a TED series           ",iBa9EoEbb38
2026-06-13,Daniel Goldstein: The battle between your present and future self           ,t1Z_oufuQg4
2026-06-16,"Big data, small farms and a tale of two tomatoes | Erin Baumgartner           ",O4F40SsEFyY
2026-06-17,Matthew Carter: My life in typefaces           ,xjxyEwjG2Es
2026-06-22,"Matthew O'Reilly: ""Am I dying?"" The honest answer.           ",IaMnRrrQx48
2026-06-27,Why journalists have an obligation to challenge power (with English subtitles) | Jorge Ramos           ,TppG2Wcl3bY
2026-06-28,"Nicholas Negroponte: One Laptop per Child, two years on           ",y_TKjfgjiQs
2026-07-01,How computers are learning to be creative | Blaise Agüera y Arcas           ,uSUOdu_5MPc
2026-07-03,Why children stay silent following sexual violence | Kristin Jones           ,4fhS8LF5nAo
2026-07-05,How to teach kids to talk about taboo topics | Liz Kleinrock           ,G9-urSR19SI
2026-07-08,Laws that choke creativity | Larry Lessig           ,7Q25-S7jzgs
2026-07-09,A sci-fi vision of love from a 318-year-old hologram | Monica Byrne           ,8HfoKd873HY
2026-07-13,Shukla Bose: Teaching one child at a time           ,n8eyF4UWG38
2026-07-14,Nilofer Merchant: Got a meeting? Take a walk           ,iE9HMudybyc
2026-07-16,The artificial muscles that will power robots of the future | Christoph Keplinger           ,ER15KmrB8h8
2026-07-19,"Chris Gerdes: The future race car -- 150mph, and no driver           ",q1sk47FLAmg
2026-07-21,Hubertus Knabe: The dark secrets of a surveillance state           ,IWjzT2l5C34
2026-07-25,Are we born to run? | Christopher McDougall           ,b-iGZPtWXzE
2026-07-27,Natasha Tsakos' multimedia theatrical adventure           ,vlj9aPKB9m0
2026-07-28,Is war between China and the US inevitable? | Graham Allison           ,XewnyUJgyA4
2026-07-30,"Nicolas Perony: Puppies! Now that I've got your attention, complexity theory           ",0Y8-IzP01lw
2026-08-02,Eric Berlow and Sean Gourley: Mapping ideas worth spreading           ,kv_uyUTx5Po
2026-08-04,Malcolm Gladwell: The strange tale of the Norden bombsight           ,HpiZTvlWx2g
2026-08-05,How to reduce the wealth gap between Black and white Americans | Kedra Newsom Reeves           ,j-6zwv31qjg
2026-08-10,Richard Baraniuk on open-source learning           ,RRymi-lFHpE
2026-08-15,Danny Hillis: The Internet could crash. We need a Plan B           ,AOEQ9GteWbg
2026-08-20,The most important thing you can do to fight climate change: talk about it | Katharine Hayhoe           ,#NAME?
2026-08-21,James A. White Sr.: The little problem I had renting a house           ,N6LxuFpDIYM
2026-08-22,"How I climbed a 3,000-foot vertical cliff -- without ropes | Alex Honnold           ",6iM6M_7wBMc
2026-08-23,"Choice, happiness and spaghetti sauce | Malcolm Gladwell           ",iIiAAhUeR6Y
2026-08-26,Want kids to learn well? Feed them well | Sam Kass           ,hfDkDzZ9GsU
2026-08-30,Let's clean up the space junk orbiting Earth | Natalie Panek           ,501FEzbB1JI
2026-09-04,My son was a Columbine shooter. This is my story | Sue Klebold           ,BXlnrFpCu0c
2026-09-06,Rana el Kaliouby: This app knows how you feel — from the look on your face           ,o3VwYIazybI
2026-09-09,Avi Reichental: What’s next in 3D printing           ,KOIsqRgJ3XM
2026-09-11,The nightmare videos of childrens' YouTube — and what's wrong with the internet today | James Bridle           ,v9EKV2nSU8w
2026-09-15,How yarn bombing grew into a worldwide movement | Magda Sayeg           ,NFDmsNCGcvc
2026-09-16,A TED speaker's worst nightmare | Colin Robertson           ,nw52e0dfCaA
2026-09-20,"After billions of years of monotony, the universe is waking up | David Deutsch           ",fh5KLfd9Km8
2026-09-24,"Nicholas Negroponte: 5 predictions, in 1984           ",vc8Ks6KOySg
2026-09-25,The next species of human | Juan Enriquez           ,JNcLKbJs3xk
2026-09-26,Let the environment guide our development | Johan Rockstrom           ,RgqtrlixYR4
2026-09-27,How AI could compose a personalized soundtrack to your life | Pierre Barreau           ,wYb3Wimn01s
2026-09-29,How a video game might help us build better cities | Karoliina Korppoo           ,qYUmI5kGsYk
2026-10-03,"Jackie Savitz: Save the oceans, feed the world!           ",9XFeW9dgyIs
2026-10-06,America's forgotten working class | J.D. Vance           ,iEy-xTbcr2A
2026-10-07,Ben Saunders: Three things to know before you ski to the North Pole           ,0Bvq8Vo8F8U
2026-10-10,"The ""dead zone"" of the Gulf of Mexico | Nancy Rabalais           ",5zWmdHmJMd0
2026-10-15,Sheena Iyengar: How to make choosing easier           ,1pq5jnM1C-A
2026-10-16,Saki Mafundikwa: Ingenuity and elegance in ancient African alphabets           ,gIbIewxHQrk
2026-10-17,The uncomplicated truth about women's sexuality | Sarah Barmak           ,SkB4gG8ke7Q
2026-10-22,The power of herd immunity (with English subtitles) | Romina Libster           ,dWObti8KNc4
2026-10-27,George Dyson: Let's take a nuclear-powered rocket to Saturn           ,3l2QopJbDBs
2026-10-30,Questioning the universe | Stephen Hawking           ,xjBIsp8mS-c
2026-11-02,The world needs all kinds of minds | Temple Grandin           ,fn_9f5x0f1Q
2026-11-06,A roadmap to end aging | Aubrey de Grey           ,8iYpxRXlboQ
2026-11-09,Understanding the rise of China | Martin Jacques           ,imhUmLtlZpw
2026-11-13,Jay Walker on the world's English mania           ,Z5TUpNZqjM8
2026-11-14,Mental Health for All by Involving All | Vikram Patel | TED Talks           ,yzm4gpAKrBk
2026-11-18,How to build synthetic DNA and send it across the internet | Dan Gibson           ,6ElobAhlQo0
2026-11-19,Bill Gross: Great ideas for finding new energy           ,TSMzKg6fwJ8
2026-11-23,The surprising decline in violence | Steven Pinker           ,ramBFRt1Uzk
2026-11-24,Your company's data could help end world hunger | Mallory Freeman           ,Sa27SUR0Mlo
2026-11-26,The first secret of great design | Tony Fadell           ,9uOMectkCCs
2026-11-29,The wonderful and terrifying implications of computers that can learn | Jeremy Howard           ,t4kyRyKyOpo
2026-12-02,3 questions to ask yourself about everything you do | Stacey Abrams           ,3zJHwOwirjA
2026-12-03,"Why working from home is good for business | The Way We Work, a TED series           ",x6fIseKzzH0
2026-12-07,Bring on the learning revolution! | Sir Ken Robinson           ,r9LelXa3U_I
2026-12-09,How to speak so that people want to listen | Julian Treasure           ,eIho2S0ZahI
2026-12-12,Dave Isay: Everyone around you has a story the world needs to hear           ,QKHk_UiQboA
2026-12-14,Adam Spencer: Why I fell in love with monster prime numbers           ,B4xOFsygwr4
2026-12-18,Misha Glenny investigates global crime networks           ,XO1Me-MY-Q0
2026-12-23,How to stop swiping and find your person on dating apps | Christina Wallace           ,9jZHw7Wf0v0
2026-12-28,The art of asking | Amanda Palmer           ,xMj_P_6H69g
2026-12-30,How supercharged plants could slow climate change | Joanne Chory           ,pyFcr2WcOyo
2027-01-04,Simon Lewis: Don't take consciousness for granted           ,Peu7eeGtmQ4
2027-01-08,What young women believe about their own sexual pleasure | Peggy Orenstein           ,mWA2uL8zXPI
2027-01-11,What we learned from 5 million books           ,5l4cA8zSreQ
2027-01-15,Fake videos of real people -- and how to spot them | Supasorn Suwajanakorn           ,o2DDU4g0PRo
2027-01-16,Why domestic violence victims don't leave | Leslie Morgan Steiner           ,V1yW5IsnSjo
2027-01-20,Sendhil Mullainathan: Solving social problems with a nudge           ,XBJQENjZJaA
2027-01-22,The secret sneaker market — and why it matters | Josh Luber           ,q49LtMyXK7Q
2027-01-23,Anand Giridharadas: A tale of two Americas. And the mini-mart where they collided           ,8i-pNVj5KMw
2027-01-26,"Thoughts on humanity, fame and love | Shah Rukh Khan           ",0NV1KdWRHck
2027-01-30,Leonard Susskind: My friend Richard Feynman           ,6Waurx8e-1o
2027-02-01,Shimpei Takahashi: Play this game to come up with original ideas           ,RovaUZY3e8k
2027-02-02,Why Gender Equality Is Good for Everyone — Men Included | Michael Kimmel | TED Talks           ,7n9IOH0NvyY
2027-02-06,Latif Nasser: The amazing story of the man who gave us modern pain relief           ,DokhOtMp75A
2027-02-09,Exploring the mind of a killer | Jim Fallon           ,u2V0vOFexY4
2027-02-14,How I hacked online dating | Amy Webb           ,d6wG_sAdP0U
2027-02-19,How young people join violent extremist groups -- and how to stop them | Erin Marie Saltman           ,HY71088saG4
2027-02-22,Hidden Cameras Film Injustice in Dangerous Places | Oren Yakobovich | TED Talks           ,_1VpOweDio8
2027-02-23,How we can use light to see deep inside our bodies and brains | Mary Lou Jepsen           ,awADEuv5vWY
2027-02-24,How to escape education's death valley | Sir Ken Robinson           ,wX78iKhInsc
2027-02-25,Let's put birth control back on the agenda | Melinda Gates           ,2BOTS9GAjc4
2027-02-28,"Theremin, the untouchable music | Pamelia Kurstin           ",X-ywH1Vj8_U
2027-03-02,Are we interrupting the kinky sex lives of fish? | Marah J. Hardt           ,Va_8GmU9cmQ
2027-03-07,Jonathan Zittrain: The Web as random acts of kindness           ,P65XdTlk4vA
2027-03-11,How Africa can use its traditional knowledge to make progress | Chika Ezeanya-Esiobu           ,28sa2zGgmwE
2027-03-13,The magic of truth and lies (and iPods) | Marco Tempest           ,fumsXEuiLyk
2027-03-14,How My Mind Came Back to Life — and No One Knew | Martin Pistorius | TED Talks           ,OPzfxvJ9cq8
2027-03-15,The neurons that shaped civilization | VS Ramachandran           ,t0pwKzTRG5E
2027-03-19,The magic of Khmer classical dance | Prumsodun Ok           ,oEIYHTlbeLA
2027-03-23,How can we control the coronavirus pandemic? | Adam Kucharski           ,slzuVj5YEms
2027-03-28,How to build your confidence -- and spark it in others | Brittany Packnett           ,b5ZESpOAolU
2027-04-02,"Are athletes really getting faster, better, stronger? | David Epstein           ",8COaMKbNrX0
2027-04-05,A garden in my apartment | Britta Riley           ,YhvfOlPYifY
2027-04-09,Kim Gorgens: Protecting the brain against concussion           ,VC0taBVUF2o
2027-04-14,Metal that breathes | Doris Kim Sung           ,wvIyVZf3qZU